,Patient_ID,Age,TSH_Level,T3_Level,T4_Level,Nodule_Size
count,212691.0,212691.0,212691.0,212691.0,212691.0,212691.0
mean,106346.0,51.918496786417855,5.045102002435458,2.0017266362939665,8.246203976660977,2.503403246963906
std,61398.74738950299,21.632814529081358,2.8602640689761456,0.8662480194769662,2.16418847600702,1.44463073072601
min,1.0,15.0,0.1,0.5,4.5,0.0
25%,53173.5,33.0,2.57,1.25,6.37,1.25
50%,106346.0,52.0,5.04,2.0,8.24,2.51
75%,159518.5,71.0,7.52,2.75,10.12,3.76
max,212691.0,89.0,10.0,3.5,12.0,5.0
