,Mean,Median,Std Dev,Min,Max,IQR,Skewness,Kurtosis
Patient_ID,106346.0,106346.0,61398.74738950299,1.0,212691.0,106345.0,0.0,-1.2
Age,51.918496786417855,52.0,21.632814529081358,15.0,89.0,38.0,0.004603257819622693,-1.2004767309116389
TSH_Level,5.045102002435458,5.04,2.8602640689761456,0.1,10.0,4.949999999999999,0.001629351096662003,-1.2009300343476204
T3_Level,2.0017266362939665,2.0,0.8662480194769662,0.5,3.5,1.5,-0.003318374786298099,-1.2005031832672182
T4_Level,8.246203976660977,8.24,2.16418847600702,4.5,12.0,3.749999999999999,0.0019792587960946787,-1.1993265878433355
Nodule_Size,2.503403246963906,2.51,1.44463073072601,0.0,5.0,2.51,-0.004936761950608787,-1.2002446374564126
